date,app_name,apk_name,big_class,label,market
2018-03-20,大智慧,com.android.dazhihui,金融理财,,腾讯应用宝
2018-03-20,菠萝理财,com.pusupanshi.boluolicai,金融理财,,腾讯应用宝
2018-03-20,宜人贷借款,com.yirendai,金融理财,,腾讯应用宝
2018-03-20,同花顺手机炒股股票软件,com.hexin.plat.android,金融理财,,腾讯应用宝
2018-03-20,随手记理财记账,com.mymoney,金融理财,,腾讯应用宝
2018-03-20,中国建设银行,com.chinamworld.main,金融理财,,腾讯应用宝
2018-03-20,布丁小贷,com.zealfi.bdxiaodai,金融理财,,腾讯应用宝
2018-03-20,第一理财,com.novem.firstfinancial,金融理财,,腾讯应用宝
2018-03-20,平安金管家,com.pingan.lifeinsurance,金融理财,,腾讯应用宝
2018-03-20,借贷宝,com.rrh.jdb,金融理财,,腾讯应用宝
2018-03-20,51信用卡管家,com.zhangdan.app,金融理财,,腾讯应用宝
2018-03-20,平安普惠,com.paem,金融理财,,腾讯应用宝
2018-03-20,卡牛信用管家,com.mymoney.sms,金融理财,,腾讯应用宝
2018-03-20,翼支付,com.chinatelecom.bestpayclient,金融理财,,腾讯应用宝
2018-03-20,腾讯自选股（腾讯官方炒股软件）,com.tencent.portfolio,金融理财,,腾讯应用宝
2018-03-20,鑫格理财,com.puyue.www.xinge,金融理财,,腾讯应用宝
2018-03-20,惠盈理财,com.puyue.www.huiying,金融理财,,腾讯应用宝
2018-03-20,水象分期,com.waterelephant.waterelephantloan,金融理财,,腾讯应用宝
2018-03-20,风车理财,com.fengchelicai.fclc,金融理财,,腾讯应用宝
2018-03-20,信用钱包,com.financial.quantgroup,金融理财,,腾讯应用宝
2018-03-20,闪贷,com.haodai.flashloan,金融理财,,腾讯应用宝
2018-03-20,融360,com.rong360.app,金融理财,,腾讯应用宝
2018-03-20,京东金融,com.jd.jrapp,金融理财,,腾讯应用宝
2018-03-20,现金白卡,com.kdlc.mcc,金融理财,,腾讯应用宝
2018-03-20,光速贷款,com.haodai.flashloanpre,金融理财,,腾讯应用宝
2018-03-20,佑米金融,com.dz.financing,金融理财,,腾讯应用宝
2018-03-20,中国工商银行,com.icbc,金融理财,,腾讯应用宝
2018-03-20,向钱贷,com.mintq.xqd,金融理财,,腾讯应用宝
2018-03-20,招商银行掌上生活,com.cmbchina.ccd.pluto.cmbActivity,金融理财,,腾讯应用宝
2018-03-20,投之家理财,com.tzj.debt,金融理财,,腾讯应用宝
2018-03-20,口袋贵金属,org.sojex.finance,金融理财,,腾讯应用宝
2018-03-20,我能理财,com.wonenglicai.and,金融理财,,腾讯应用宝
2018-03-20,手机贷（借款版）,com.shcc.microcredit,金融理财,,腾讯应用宝
2018-03-20,招商银行,cmb.pb,金融理财,,腾讯应用宝
2018-03-20,省呗,com.samoyed.credit,金融理财,,腾讯应用宝
2018-03-20,和信贷理财-投资理财赚钱,com.hexindai.hxd,金融理财,,腾讯应用宝
2018-03-20,360借条,com.qihoo.loan,金融理财,,腾讯应用宝
2018-03-20,拍拍贷借款,com.ppdai.loan,金融理财,,腾讯应用宝
2018-03-20,原油期货宝,com.dajiexin.yyqhb,金融理财,,腾讯应用宝
2018-03-20,现金巴士,com.cashbus.android.swhj,金融理财,,腾讯应用宝
2018-03-20,理财招财猫,com.x1.ui1,金融理财,,腾讯应用宝
2018-03-20,挖财记账,com.wacai365,金融理财,,腾讯应用宝
2018-03-20,莫愁花,com.yuecai.mochouhua,金融理财,,腾讯应用宝
2018-03-20,闪电借款,cn.com.weshare.jiekuan,金融理财,,腾讯应用宝
2018-03-20,现金贷,com.duorong.xianjingdai,金融理财,,腾讯应用宝
2018-03-20,狐狸慧赚,com.souyidai.investment.android,金融理财,,腾讯应用宝
2018-03-20,小花钱包,com.xhqb.app,金融理财,,腾讯应用宝
2018-03-20,农行掌上银行,com.android.bankabc,金融理财,,腾讯应用宝
2018-03-20,中国银行手机银行,com.chinamworld.bocmbci,金融理财,,腾讯应用宝
2018-03-20,用钱宝,com.yongqianbao.credit,金融理财,,腾讯应用宝
2018-03-20,2345贷款王,com.hyron.b2b2p,金融理财,,腾讯应用宝
2018-03-20,财付通,com.tenpay.android,金融理财,,腾讯应用宝
2018-03-20,金联储金服,com.jinlianchu.app,金融理财,,腾讯应用宝
2018-03-20,惠贷款,com.haodai.flashloanhdk,金融理财,,腾讯应用宝
2018-03-20,惠财,com.huicai.licai,金融理财,,腾讯应用宝
2018-03-20,鑫汇金服贵金属,com.pme91.guoxin.app.android,金融理财,,腾讯应用宝
2018-03-20,众益彩票,com.zywl.zycai.main,金融理财,,腾讯应用宝
2018-03-20,华夏交易,com.hxjy.app.ui,金融理财,,腾讯应用宝
2018-03-20,网易彩票,com.netease.caipiao,金融理财,,腾讯应用宝
2018-03-20,海通e海通财,com.android.haitong,金融理财,,腾讯应用宝
2018-03-20,借花花贷款借贷,com.jhh,金融理财,,腾讯应用宝
2018-03-20,小钱,com.geo.loan,金融理财,,腾讯应用宝
2018-03-20,闪银,com.syqy.wecash,金融理财,,腾讯应用宝
2018-03-20,全民彩票,com.quanmincai.caipiao,金融理财,,腾讯应用宝
2018-03-20,新平安口袋银行,com.pingan.paces.ccms,金融理财,,腾讯应用宝
2018-03-20,贵金属期货宝,com.trade163.zy4,金融理财,,腾讯应用宝
2018-03-20,彩票宝,com.cpbao.lottery,金融理财,,腾讯应用宝
2018-03-20,借钱吧,com.duorong.jielema,金融理财,,腾讯应用宝
2018-03-20,拉卡拉,com.lakala.android,金融理财,,腾讯应用宝
2018-03-20,移动手机贷,com.droid.credit,金融理财,,腾讯应用宝
2018-03-20,融360贷款,com.rong360.loans,金融理财,,腾讯应用宝
2018-03-20,闪电贷,cn.com.weshare.android.shandiandai,金融理财,,腾讯应用宝
2018-03-20,借点钱,com.wdzj.borrowmoney,金融理财,,腾讯应用宝
2018-03-20,约彩365,com.vodone.caibo,金融理财,,腾讯应用宝
2018-03-20,现金速递,cn.cash365.android,金融理财,,腾讯应用宝
2018-03-20,极速钱包,com.kdlc.xqb,金融理财,,腾讯应用宝
2018-03-20,天天中彩票,com.zhongcai500,金融理财,,腾讯应用宝
2018-03-20,华夏贵金属,com.hxguijinshu.app.ui,金融理财,,腾讯应用宝
2018-03-20,借了吗贷款,com.iot.glb,金融理财,,腾讯应用宝
2018-03-20,PPmoney理财,com.pmp.ppmoney,金融理财,,腾讯应用宝
2018-03-20,东方财富,com.eastmoney.android.berlin,金融理财,,腾讯应用宝
2018-03-20,现金借款,com.lingyue.YqdAndroid,金融理财,,腾讯应用宝
2018-03-20,极速现金侠,com.innext.xjx,金融理财,,腾讯应用宝
2018-03-20,借款钱包借钱贷款,com.znsb.app.jkqb,金融理财,,腾讯应用宝
2018-03-20,赚吧理财,com.dz.everyone,金融理财,,腾讯应用宝
2018-03-20,快贷-贷款借钱网贷,com.caimi.kuaidai,金融理财,,腾讯应用宝
2018-03-20,信而富,com.crfchina.market,金融理财,,腾讯应用宝
2018-03-20,爱投资,com.antourong.itouzi,金融理财,,腾讯应用宝
2018-03-20,陆金所,com.lufax.android,金融理财,,腾讯应用宝
2018-03-20,猫粒贷贷款,com.rst.mld,金融理财,,腾讯应用宝
2018-03-20,帮你借,com.app.bangnijie,金融理财,,腾讯应用宝
2018-03-20,一点金库理财投资,com.mirror.easyclient,金融理财,,腾讯应用宝
2018-03-20,发财猪理财,com.example.wby.facaizhu,金融理财,,腾讯应用宝
2018-03-20,涨乐财富通,com.lphtsccft,金融理财,,腾讯应用宝
2018-03-20,先花一亿元,com.xianhuahua.yiyiyuan_1,金融理财,,腾讯应用宝
2018-03-20,简理财,com.laijin.simplefinance,金融理财,,腾讯应用宝
2018-03-20,期货交易通,com.jnhyxx.yybd,金融理财,,腾讯应用宝
2018-03-20,贷款钱包,com.quantgroup.daikuanqianbao,金融理财,,腾讯应用宝
2018-03-20,原子贷,com.rong.fastloan,金融理财,,腾讯应用宝
2018-03-20,及贷,com.pp.TimelyLoan,金融理财,,腾讯应用宝
2018-03-20,QQ彩票,com.tencent.QQLottery,金融理财,,腾讯应用宝
2018-03-20,有信达人,com.zealfi.bdxinyong,金融理财,,腾讯应用宝
2018-03-20,魔buy商城,com.aldb.android,金融理财,,腾讯应用宝
2018-03-20,随便借,com.caijin.suibianjie,金融理财,,腾讯应用宝
2018-03-20,贷上钱,com.qsq.paydayloan,金融理财,,腾讯应用宝
2018-03-20,海象理财,com.hanya.financing,金融理财,,腾讯应用宝
2018-03-20,你我贷借款,com.niwodai.universityloan,金融理财,,腾讯应用宝
2018-03-20,还呗,com.shuhekeji,金融理财,,腾讯应用宝
2018-03-20,财迷之家,com.moneyfanli.fanli,金融理财,,腾讯应用宝
2018-03-20,京东钱包,com.wangyin.payment,金融理财,,腾讯应用宝
2018-03-20,车蚁金服,cn.bankcar.app,金融理财,,腾讯应用宝
2018-03-20,翼支付钱包,chinatelecom.mwallet,金融理财,,腾讯应用宝
2018-03-20,云闪付,com.unionpay,金融理财,,腾讯应用宝
2018-03-20,白银宝,com.baiyinbao.app.ui,金融理财,,腾讯应用宝
2018-03-20,51人品贷,com.enniu.renpindai,金融理财,,腾讯应用宝
2018-03-20,闪借款,com.financial.sjk,金融理财,,腾讯应用宝
2018-03-20,指还王,com.xhqb.xhzhw,金融理财,,腾讯应用宝
2018-03-20,维信卡卡贷,com.vcredit.kkcredit,金融理财,,腾讯应用宝
2018-03-20,储蓄罐（腾讯投资的理财神器）,howbuy.android.piggy,金融理财,,腾讯应用宝
